{"cameraMode":{"drawMode":0,"name":"Shaded","section":"Shading Mode"},"sceneLighting":false,"audioPlay":false,"sceneViewState":{"showFog":true,"showMaterialUpdate":false,"showSkybox":false,"showFlares":true,"showImageEffects":true,"showParticleSystems":true},"in2DMode":false,"pivot":{"x":-8.888997077941895,"y":2.1997499465942385,"z":-12.868220329284668},"rotation":{"x":0.06921270489692688,"y":-0.035584550350904468,"z":0.0024787134025245907,"w":0.9969978332519531},"size":15.868853569030762,"orthographic":false}