{"cameraMode":{"drawMode":0,"name":"Shaded","section":"Shading Mode"},"sceneLighting":false,"audioPlay":false,"sceneViewState":{"showFog":true,"showMaterialUpdate":false,"showSkybox":false,"showFlares":true,"showImageEffects":true,"showParticleSystems":true},"in2DMode":false,"pivot":{"x":-13.049741744995118,"y":2.3082027435302736,"z":-24.971799850463868},"rotation":{"x":0.09911850839853287,"y":0.025708038359880449,"z":-0.0025401997845619919,"w":0.9947805404663086},"size":34.29460525512695,"orthographic":false}