{"cameraMode":{"drawMode":0,"name":"Shaded","section":"Shading Mode"},"sceneLighting":false,"audioPlay":false,"sceneViewState":{"showFog":true,"showMaterialUpdate":false,"showSkybox":false,"showFlares":true,"showImageEffects":true,"showParticleSystems":true},"in2DMode":false,"pivot":{"x":-2.688248634338379,"y":1.179711103439331,"z":-7.20947790145874},"rotation":{"x":0.060198210179805759,"y":-0.05056421086192131,"z":0.0030586852226406337,"w":0.9969334602355957},"size":29.320890426635743,"orthographic":false}