{"cameraMode":{"drawMode":0,"name":"Shaded","section":"Shading Mode"},"sceneLighting":false,"audioPlay":false,"sceneViewState":{"showFog":true,"showMaterialUpdate":false,"showSkybox":false,"showFlares":true,"showImageEffects":true,"showParticleSystems":true},"in2DMode":false,"pivot":{"x":14.418441772460938,"y":-29.42195701599121,"z":52.857666015625},"rotation":{"x":0.10212741792201996,"y":-0.011617031879723072,"z":0.001194185228087008,"w":0.9947302937507629},"size":58.64178466796875,"orthographic":false}