{"cameraMode":{"drawMode":0,"name":"Shaded","section":"Shading Mode"},"sceneLighting":false,"audioPlay":false,"sceneViewState":{"showFog":true,"showMaterialUpdate":false,"showSkybox":false,"showFlares":true,"showImageEffects":true,"showParticleSystems":true},"in2DMode":false,"pivot":{"x":-0.8307905793190002,"y":0.773288369178772,"z":-6.55226993560791},"rotation":{"x":0.06326466798782349,"y":-0.013149951584637165,"z":0.0008390677976422012,"w":0.9979429244995117},"size":15.936738014221192,"orthographic":false}